{
    "name": "root",
    "gauges": {
        "BossAgent.Policy.Entropy.mean": {
            "value": 1.3747211694717407,
            "min": 1.3747211694717407,
            "max": 1.3861684799194336,
            "count": 3
        },
        "BossAgent.Policy.Entropy.sum": {
            "value": 6861.2333984375,
            "min": 6861.2333984375,
            "max": 7070.80419921875,
            "count": 3
        },
        "BossAgent.Step.mean": {
            "value": 14986.0,
            "min": 4991.0,
            "max": 14986.0,
            "count": 3
        },
        "BossAgent.Step.sum": {
            "value": 14986.0,
            "min": 4991.0,
            "max": 14986.0,
            "count": 3
        },
        "BossAgent.Policy.ExtrinsicValueEstimate.mean": {
            "value": 0.4257150888442993,
            "min": -0.06407615542411804,
            "max": 0.4257150888442993,
            "count": 3
        },
        "BossAgent.Policy.ExtrinsicValueEstimate.sum": {
            "value": 20.434324264526367,
            "min": -3.4601125717163086,
            "max": 20.434324264526367,
            "count": 3
        },
        "BossAgent.Environment.EpisodeLength.mean": {
            "value": 105.19148936170212,
            "min": 105.19148936170212,
            "max": 124.15,
            "count": 3
        },
        "BossAgent.Environment.EpisodeLength.sum": {
            "value": 4944.0,
            "min": 4944.0,
            "max": 5060.0,
            "count": 3
        },
        "BossAgent.Environment.CumulativeReward.mean": {
            "value": 8.54361707606214,
            "min": 5.263461492000482,
            "max": 8.54361707606214,
            "count": 3
        },
        "BossAgent.Environment.CumulativeReward.sum": {
            "value": 401.55000257492065,
            "min": 205.2749981880188,
            "max": 401.55000257492065,
            "count": 3
        },
        "BossAgent.Policy.ExtrinsicReward.mean": {
            "value": 8.54361707606214,
            "min": 5.263461492000482,
            "max": 8.54361707606214,
            "count": 3
        },
        "BossAgent.Policy.ExtrinsicReward.sum": {
            "value": 401.55000257492065,
            "min": 205.2749981880188,
            "max": 401.55000257492065,
            "count": 3
        },
        "BossAgent.IsTraining.mean": {
            "value": 1.0,
            "min": 1.0,
            "max": 1.0,
            "count": 3
        },
        "BossAgent.IsTraining.sum": {
            "value": 1.0,
            "min": 1.0,
            "max": 1.0,
            "count": 3
        },
        "BossAgent.Losses.PolicyLoss.mean": {
            "value": 0.02539040634098152,
            "min": 0.02539040634098152,
            "max": 0.02539040634098152,
            "count": 1
        },
        "BossAgent.Losses.PolicyLoss.sum": {
            "value": 0.02539040634098152,
            "min": 0.02539040634098152,
            "max": 0.02539040634098152,
            "count": 1
        },
        "BossAgent.Losses.ValueLoss.mean": {
            "value": 0.9665701111157735,
            "min": 0.9665701111157735,
            "max": 0.9665701111157735,
            "count": 1
        },
        "BossAgent.Losses.ValueLoss.sum": {
            "value": 0.9665701111157735,
            "min": 0.9665701111157735,
            "max": 0.9665701111157735,
            "count": 1
        },
        "BossAgent.Policy.LearningRate.mean": {
            "value": 0.0002896830034389999,
            "min": 0.0002896830034389999,
            "max": 0.0002896830034389999,
            "count": 1
        },
        "BossAgent.Policy.LearningRate.sum": {
            "value": 0.0002896830034389999,
            "min": 0.0002896830034389999,
            "max": 0.0002896830034389999,
            "count": 1
        },
        "BossAgent.Policy.Epsilon.mean": {
            "value": 0.196561,
            "min": 0.196561,
            "max": 0.196561,
            "count": 1
        },
        "BossAgent.Policy.Epsilon.sum": {
            "value": 0.196561,
            "min": 0.196561,
            "max": 0.196561,
            "count": 1
        },
        "BossAgent.Policy.Beta.mean": {
            "value": 0.004828393900000001,
            "min": 0.004828393900000001,
            "max": 0.004828393900000001,
            "count": 1
        },
        "BossAgent.Policy.Beta.sum": {
            "value": 0.004828393900000001,
            "min": 0.004828393900000001,
            "max": 0.004828393900000001,
            "count": 1
        }
    },
    "metadata": {
        "timer_format_version": "0.1.0",
        "start_time_seconds": "1775010450",
        "python_version": "3.10.8 (tags/v3.10.8:aaaf517, Oct 11 2022, 16:50:30) [MSC v.1933 64 bit (AMD64)]",
        "command_line_arguments": "D:\\Projects\\Nemesis\\nemesis-env\\Scripts\\mlagents-learn config/boss_ppo.yaml --run-id=boss_overnight --time-scale=20 --torch-device=cuda --max-lifetime-restarts=-1 --restarts-rate-limit-n=-1 --force",
        "mlagents_version": "0.30.0",
        "mlagents_envs_version": "0.30.0",
        "communication_protocol_version": "1.5.0",
        "pytorch_version": "2.0.1+cu117",
        "numpy_version": "1.23.5",
        "end_time_seconds": "1775010803"
    },
    "total": 353.3879068,
    "count": 1,
    "self": 0.0052977000000282715,
    "children": {
        "run_training.setup": {
            "total": 0.08353390000002037,
            "count": 1,
            "self": 0.08353390000002037
        },
        "TrainerController.start_learning": {
            "total": 353.29907519999995,
            "count": 1,
            "self": 0.25316120001002673,
            "children": {
                "TrainerController._reset_env": {
                    "total": 11.187340300000074,
                    "count": 1,
                    "self": 11.187340300000074
                },
                "TrainerController.advance": {
                    "total": 341.5746443999898,
                    "count": 17643,
                    "self": 0.22543529997767564,
                    "children": {
                        "env_step": {
                            "total": 338.35238300000117,
                            "count": 17643,
                            "self": 280.04380379999657,
                            "children": {
                                "SubprocessEnvManager._take_step": {
                                    "total": 58.14625810000382,
                                    "count": 17643,
                                    "self": 0.6381339000085973,
                                    "children": {
                                        "TorchPolicy.evaluate": {
                                            "total": 57.50812419999522,
                                            "count": 17524,
                                            "self": 57.50812419999522
                                        }
                                    }
                                },
                                "workers": {
                                    "total": 0.16232110000078137,
                                    "count": 17642,
                                    "self": 0.0,
                                    "children": {
                                        "worker_root": {
                                            "total": 246.93538079999064,
                                            "count": 17642,
                                            "is_parallel": true,
                                            "self": 76.22241909997831,
                                            "children": {
                                                "steps_from_proto": {
                                                    "total": 0.0004334000000199012,
                                                    "count": 1,
                                                    "is_parallel": true,