{
    "name": "root",
    "metadata": {
        "timer_format_version": "0.1.0",
        "start_time_seconds": "1774921648",
        "python_version": "3.10.8 (tags/v3.10.8:aaaf517, Oct 11 2022, 16:50:30) [MSC v.1933 64 bit (AMD64)]",
        "command_line_arguments": "D:\\Projects\\Nemesis\\nemesis-env\\Scripts\\mlagents-learn config/boss_ppo.yaml --env=D:\\Unity Projects\\Nemesis-ai\\Build\\Nemesis-ai.exe --run-id=test03 --num-envs=1 --time-scale=20",
        "mlagents_version": "0.30.0",
        "mlagents_envs_version": "0.30.0",
        "communication_protocol_version": "1.5.0",
        "pytorch_version": "2.0.1+cu117",
        "numpy_version": "1.23.5",
        "end_time_seconds": "1774921780"
    },
    "total": 132.81651269993745,
    "count": 1,
    "self": 10.005532100098208,
    "children": {
        "run_training.setup": {
            "total": 0.06842170003801584,
            "count": 1,
            "self": 0.06842170003801584
        },
        "TrainerController.start_learning": {
            "total": 122.74255889980122,
            "count": 1,
            "self": 0.04017280717380345,
            "children": {
                "TrainerController._reset_env": {
                    "total": 7.162423799978569,
                    "count": 1,
                    "self": 7.162423799978569
                },
                "TrainerController.advance": {
                    "total": 115.42879049270414,
                    "count": 2883,
                    "self": 0.03745328774675727,
                    "children": {
                        "env_step": {
                            "total": 114.99224180495366,
                            "count": 2883,
                            "self": 105.52618641057052,
                            "children": {
                                "SubprocessEnvManager._take_step": {
                                    "total": 9.441904002800584,
                                    "count": 2883,
                                    "self": 0.10469910386018455,
                                    "children": {
                                        "TorchPolicy.evaluate": {
                                            "total": 9.3372048989404,
                                            "count": 2847,
                                            "self": 9.3372048989404
                                        }
                                    }
                                },
                                "workers": {
                                    "total": 0.02415139158256352,
                                    "count": 2882,
                                    "self": 0.0,
                                    "children": {
                                        "worker_root": {
                                            "total": 41.149590397952124,
                                            "count": 2882,
                                            "is_parallel": true,
                                            "self": 12.879686298081651,
                                            "children": {
                                                "steps_from_proto": {
                                                    "total": 0.00035479990765452385,
                                                    "count": 1,
                                                    "is_parallel": true,
                                                    "self": 0.00016629998572170734,
                                                    "children": {
                                                        "_process_rank_one_or_two_observation": {
                                                            "total": 0.0001884999219328165,
                                                            "count": 2,
                                                            "is_parallel": true,
                                                            "self": 0.0001884999219328165
                                                        }
                                                    }
                                                },
                                                "UnityEnvironment.step": {
                                                    "total": 28.26954929996282,
                                                    "count": 2882,
                                                    "is_parallel": true,
                                                    "self": 0.17171079176478088,
                                                    "children": {
                                                        "UnityEnvironment._generate_step_input": {
                                                            "total": 0.1629279910121113,
                                                            "count": 2882,
                                                            "is_parallel": true,
                                                            "self": 0.1629279910121113
                                                        },
                                                        "communicator.exchange": {
                                                            "total": 27.403730706777424,
                                                            "count": 2882,
                                                            "is_parallel": true,
                                                            "self": 27.403730706777424
                                                        },
                                                        "steps_from_proto": {
                                                            "total": 0.5311798104085028,
                                                            "count": 2882,
                                                            "is_parallel": true,
                                                            "self": 0.3505870164372027,
                                                            "children": {
                                                                "_process_rank_one_or_two_observation": {
                                                                    "total": 0.18059279397130013,
                                                                    "count": 5764,
                                                                    "is_parallel": true,
                                                                    "self": 0.18059279397130013
                                                                }
                                                            }
                                                        }
                                                    }
                                                }
                                            }
                                        }
                                    }
                                }
                            }
                        },
                        "trainer_advance": {
                            "total": 0.39909540000371635,
                            "count": 2882,
                            "self": 0.04544429387897253,
                            "children": {
                                "process_trajectory": {
                                    "total": 0.3536511061247438,
                                    "count": 2882,
                                    "self": 0.3536511061247438
                                }
                            }
                        }
                    }
                },
                "trainer_threads": {
                    "total": 8.998904377222061e-07,
                    "count": 1,
                    "self": 8.998904377222061e-07
                },
                "TrainerController._save_models": {
                    "total": 0.11117090005427599,
                    "count": 1,