{
    "name": "root",
    "gauges": {
        "BossAgent.Policy.Entropy.mean": {
            "value": 0.5507510304450989,
            "min": 0.5496415495872498,
            "max": 1.3861302137374878,
            "count": 60
        },
        "BossAgent.Policy.Entropy.sum": {
            "value": 2732.27587890625,
            "min": 2732.27587890625,
            "max": 7026.2939453125,
            "count": 60
        },
        "BossAgent.Environment.EpisodeLength.mean": {
            "value": 71.95588235294117,
            "min": 57.05813953488372,
            "max": 121.46341463414635,
            "count": 60
        },
        "BossAgent.Environment.EpisodeLength.sum": {
            "value": 4893.0,
            "min": 4874.0,
            "max": 5026.0,
            "count": 60
        },
        "BossAgent.Step.mean": {
            "value": 299960.0,
            "min": 4959.0,
            "max": 299960.0,
            "count": 60
        },
        "BossAgent.Step.sum": {
            "value": 299960.0,
            "min": 4959.0,
            "max": 299960.0,
            "count": 60
        },
        "BossAgent.Policy.ExtrinsicValueEstimate.mean": {
            "value": 8.026826858520508,
            "min": 0.09048222750425339,
            "max": 8.18691349029541,
            "count": 60
        },
        "BossAgent.Policy.ExtrinsicValueEstimate.sum": {
            "value": 545.82421875,
            "min": 4.886040210723877,
            "max": 662.2782592773438,
            "count": 60
        },
        "BossAgent.Environment.CumulativeReward.mean": {
            "value": 16.875736054252176,
            "min": 5.996904796078091,
            "max": 17.080597920204276,
            "count": 60
        },
        "BossAgent.Environment.CumulativeReward.sum": {
            "value": 1147.550051689148,
            "min": 251.87000143527985,
            "max": 1290.5000114440918,
            "count": 60
        },
        "BossAgent.Policy.ExtrinsicReward.mean": {
            "value": 16.875736054252176,
            "min": 5.996904796078091,
            "max": 17.080597920204276,
            "count": 60
        },
        "BossAgent.Policy.ExtrinsicReward.sum": {
            "value": 1147.550051689148,
            "min": 251.87000143527985,
            "max": 1290.5000114440918,
            "count": 60
        },
        "BossAgent.IsTraining.mean": {
            "value": 1.0,
            "min": 1.0,
            "max": 1.0,
            "count": 60
        },
        "BossAgent.IsTraining.sum": {
            "value": 1.0,
            "min": 1.0,
            "max": 1.0,
            "count": 60
        },
        "BossAgent.Losses.PolicyLoss.mean": {
            "value": 0.022059595367560785,
            "min": 0.019305550307035447,
            "max": 0.03646248190974196,
            "count": 29
        },
        "BossAgent.Losses.PolicyLoss.sum": {
            "value": 0.022059595367560785,
            "min": 0.019305550307035447,
            "max": 0.03646248190974196,
            "count": 29
        },
        "BossAgent.Losses.ValueLoss.mean": {
            "value": 0.13653761545817059,
            "min": 0.06464658193290233,
            "max": 1.091698682308197,
            "count": 29
        },
        "BossAgent.Losses.ValueLoss.sum": {
            "value": 0.13653761545817059,
            "min": 0.06464658193290233,
            "max": 1.091698682308197,
            "count": 29
        },
        "BossAgent.Policy.LearningRate.mean": {
            "value": 1.9060993646666627e-06,
            "min": 1.9060993646666627e-06,
            "max": 0.00028968000343999997,
            "count": 29
        },
        "BossAgent.Policy.LearningRate.sum": {
            "value": 1.9060993646666627e-06,
            "min": 1.9060993646666627e-06,
            "max": 0.00028968000343999997,
            "count": 29
        },
        "BossAgent.Policy.Epsilon.mean": {
            "value": 0.10063533333333335,
            "min": 0.10063533333333335,
            "max": 0.19655999999999996,
            "count": 29
        },
        "BossAgent.Policy.Epsilon.sum": {
            "value": 0.10063533333333335,
            "min": 0.10063533333333335,
            "max": 0.19655999999999996,
            "count": 29
        },
        "BossAgent.Policy.Beta.mean": {
            "value": 4.170313333333326e-05,
            "min": 4.170313333333326e-05,
            "max": 0.004828344000000002,
            "count": 29
        },
        "BossAgent.Policy.Beta.sum": {
            "value": 4.170313333333326e-05,
            "min": 4.170313333333326e-05,
            "max": 0.004828344000000002,
            "count": 29
        }
    },
    "metadata": {
        "timer_format_version": "0.1.0",
        "start_time_seconds": "1774925898",
        "python_version": "3.10.8 (tags/v3.10.8:aaaf517, Oct 11 2022, 16:50:30) [MSC v.1933 64 bit (AMD64)]",
        "command_line_arguments": "D:\\Projects\\Nemesis\\nemesis-env\\Scripts\\mlagents-learn config/boss_ppo.yaml --run-id=boss_run05 --time-scale=20 --torch-device=cuda",
        "mlagents_version": "0.30.0",
        "mlagents_envs_version": "0.30.0",
        "communication_protocol_version": "1.5.0",
        "pytorch_version": "2.0.1+cu117",
        "numpy_version": "1.23.5",
        "end_time_seconds": "1774928317"
    },
    "total": 2418.6233105000574,
    "count": 1,
    "self": 0.0067547999788075686,
    "children": {
        "run_training.setup": {
            "total": 0.06838489999063313,
            "count": 1,
            "self": 0.06838489999063313
        },
        "TrainerController.start_learning": {
            "total": 2418.548170800088,
            "count": 1,
            "self": 4.140259066829458,
            "children": {
                "TrainerController._reset_env": {
                    "total": 25.68283009994775,
                    "count": 1,
                    "self": 25.68283009994775
                },
                "TrainerController.advance": {
                    "total": 2388.59787603328,
                    "count": 303054,
                    "self": 3.5083553404547274,
                    "children": {
                        "env_step": {
                            "total": 2318.4342943765223,
                            "count": 303054,
                            "self": 1091.7488546860404,
                            "children": {
                                "SubprocessEnvManager._take_step": {
                                    "total": 1224.1807809658349,
                                    "count": 303054,
                                    "self": 10.314578582998365,
                                    "children": {
                                        "TorchPolicy.evaluate": {
                                            "total": 1213.8662023828365,
                                            "count": 300024,
                                            "self": 1213.8662023828365
                                        }
                                    }
                                },
                                "workers": {
                                    "total": 2.5046587246470153,
                                    "count": 303054,
                                    "self": 0.0,
                                    "children": {
                                        "worker_root": {
                                            "total": 2386.587257050909,
                                            "count": 303054,
                                            "is_parallel": true,
                                            "self": 1487.8058016651776,
                                            "children": {
                                                "steps_from_proto": {
                                                    "total": 0.00030610011890530586,
                                                    "count": 1,