{
    "name": "root",
    "gauges": {
        "BossAgent.Policy.Entropy.mean": {
            "value": 1.3860238790512085,
            "min": 1.3860238790512085,
            "max": 1.3860362768173218,
            "count": 2
        },
        "BossAgent.Policy.Entropy.sum": {
            "value": 6920.4169921875,
            "min": 6920.4169921875,
            "max": 7017.50146484375,
            "count": 2
        },
        "BossAgent.Step.mean": {
            "value": 9938.0,
            "min": 4946.0,
            "max": 9938.0,
            "count": 2
        },
        "BossAgent.Step.sum": {
            "value": 9938.0,
            "min": 4946.0,
            "max": 9938.0,
            "count": 2
        },
        "BossAgent.Policy.ExtrinsicValueEstimate.mean": {
            "value": -0.5596785545349121,
            "min": -0.5596785545349121,
            "max": -0.5225520730018616,
            "count": 2
        },
        "BossAgent.Policy.ExtrinsicValueEstimate.sum": {
            "value": -30.22264289855957,
            "min": -30.22264289855957,
            "max": -28.74036407470703,
            "count": 2
        },
        "BossAgent.Environment.EpisodeLength.mean": {
            "value": 120.78048780487805,
            "min": 119.54761904761905,
            "max": 120.78048780487805,
            "count": 2
        },
        "BossAgent.Environment.EpisodeLength.sum": {
            "value": 4952.0,
            "min": 4952.0,
            "max": 5021.0,
            "count": 2
        },
        "BossAgent.Environment.CumulativeReward.mean": {
            "value": 5.636097538035091,
            "min": 5.636097538035091,
            "max": 5.922560860471028,
            "count": 2
        },
        "BossAgent.Environment.CumulativeReward.sum": {
            "value": 231.0799990594387,
            "min": 231.0799990594387,
            "max": 242.82499527931213,
            "count": 2
        },
        "BossAgent.Policy.ExtrinsicReward.mean": {
            "value": 5.636097538035091,
            "min": 5.636097538035091,
            "max": 5.922560860471028,
            "count": 2
        },
        "BossAgent.Policy.ExtrinsicReward.sum": {
            "value": 231.0799990594387,
            "min": 231.0799990594387,
            "max": 242.82499527931213,
            "count": 2
        },
        "BossAgent.IsTraining.mean": {
            "value": 1.0,
            "min": 1.0,
            "max": 1.0,
            "count": 2
        },
        "BossAgent.IsTraining.sum": {
            "value": 1.0,
            "min": 1.0,
            "max": 1.0,
            "count": 2
        }
    },
    "metadata": {
        "timer_format_version": "0.1.0",
        "start_time_seconds": "1775011156",
        "python_version": "3.10.8 (tags/v3.10.8:aaaf517, Oct 11 2022, 16:50:30) [MSC v.1933 64 bit (AMD64)]",
        "command_line_arguments": "D:\\Projects\\Nemesis\\nemesis-env\\Scripts\\mlagents-learn config/boss_ppo.yaml --run-id=boss_overnight2 --time-scale=20 --torch-device=cuda --max-lifetime-restarts=-1 --restarts-rate-limit-n=-1",
        "mlagents_version": "0.30.0",
        "mlagents_envs_version": "0.30.0",
        "communication_protocol_version": "1.5.0",
        "pytorch_version": "2.0.1+cu117",
        "numpy_version": "1.23.5",
        "end_time_seconds": "1775011402"
    },
    "total": 246.19433120000008,
    "count": 1,
    "self": 0.004735100000289094,
    "children": {
        "run_training.setup": {
            "total": 0.07889849999992293,
            "count": 1,
            "self": 0.07889849999992293
        },
        "TrainerController.start_learning": {
            "total": 246.11069759999987,
            "count": 1,
            "self": 0.19297469999901296,
            "children": {
                "TrainerController._reset_env": {
                    "total": 9.011287000000038,
                    "count": 1,
                    "self": 9.011287000000038
                },
                "TrainerController.advance": {
                    "total": 236.75269530000082,
                    "count": 14373,
                    "self": 0.18285070000888481,
                    "children": {
                        "env_step": {
                            "total": 234.16880970000193,
                            "count": 14373,
                            "self": 188.05729310001584,
                            "children": {
                                "SubprocessEnvManager._take_step": {
                                    "total": 45.99096559999248,
                                    "count": 14373,
                                    "self": 0.48488989998804755,
                                    "children": {
                                        "TorchPolicy.evaluate": {
                                            "total": 45.50607570000443,
                                            "count": 14267,
                                            "self": 45.50607570000443
                                        }
                                    }
                                },
                                "workers": {
                                    "total": 0.12055099999361119,
                                    "count": 14372,
                                    "self": 0.0,
                                    "children": {
                                        "worker_root": {
                                            "total": 114.99486329999127,
                                            "count": 14372,
                                            "is_parallel": true,
                                            "self": 58.82047709997346,
                                            "children": {
                                                "steps_from_proto": {
                                                    "total": 0.0002974000001358945,
                                                    "count": 1,
                                                    "is_parallel": true,
                                                    "self": 0.00017139999999926658,
                                                    "children": {
                                                        "_process_rank_one_or_two_observation": {
                                                            "total": 0.00012600000013662793,
                                                            "count": 2,
                                                            "is_parallel": true,
                                                            "self": 0.00012600000013662793
                                                        }
                                                    }
                                                },
                                                "UnityEnvironment.step": {
                                                    "total": 56.17408880001767,
                                                    "count": 14372,
                                                    "is_parallel": true,
                                                    "self": 0.8937147999922672,
                                                    "children": {
                                                        "UnityEnvironment._generate_step_input": {
                                                            "total": 0.7957726000304319,
                                                            "count": 14372,
                                                            "is_parallel": true,
                                                            "self": 0.7957726000304319
                                                        },
                                                        "communicator.exchange": {
                                                            "total": 51.79878229998985,
                                                            "count": 14372,