{
    "name": "root",
    "gauges": {
        "BossAgent.Policy.Entropy.mean": {
            "value": 0.5561949610710144,
            "min": 0.5518966913223267,
            "max": 1.386081337928772,
            "count": 60
        },
        "BossAgent.Policy.Entropy.sum": {
            "value": 2760.951904296875,
            "min": 2751.35498046875,
            "max": 7010.79931640625,
            "count": 60
        },
        "BossAgent.Environment.EpisodeLength.mean": {
            "value": 68.91549295774648,
            "min": 56.747126436781606,
            "max": 119.42857142857143,
            "count": 60
        },
        "BossAgent.Environment.EpisodeLength.sum": {
            "value": 4893.0,
            "min": 4865.0,
            "max": 5016.0,
            "count": 60
        },
        "BossAgent.Step.mean": {
            "value": 299970.0,
            "min": 4954.0,
            "max": 299970.0,
            "count": 60
        },
        "BossAgent.Step.sum": {
            "value": 299970.0,
            "min": 4954.0,
            "max": 299970.0,
            "count": 60
        },
        "BossAgent.Policy.ExtrinsicValueEstimate.mean": {
            "value": 8.047734260559082,
            "min": -0.40126168727874756,
            "max": 8.263999938964844,
            "count": 60
        },
        "BossAgent.Policy.ExtrinsicValueEstimate.sum": {
            "value": 571.3890991210938,
            "min": -21.66813087463379,
            "max": 661.1199951171875,
            "count": 60
        },
        "BossAgent.Environment.CumulativeReward.mean": {
            "value": 16.63732496449645,
            "min": 5.4820731572988555,
            "max": 16.63732496449645,
            "count": 60
        },
        "BossAgent.Environment.CumulativeReward.sum": {
            "value": 1181.250072479248,
            "min": 224.76499944925308,
            "max": 1284.4000177383423,
            "count": 60
        },
        "BossAgent.Policy.ExtrinsicReward.mean": {
            "value": 16.63732496449645,
            "min": 5.4820731572988555,
            "max": 16.63732496449645,
            "count": 60
        },
        "BossAgent.Policy.ExtrinsicReward.sum": {
            "value": 1181.250072479248,
            "min": 224.76499944925308,
            "max": 1284.4000177383423,
            "count": 60
        },
        "BossAgent.IsTraining.mean": {
            "value": 1.0,
            "min": 1.0,
            "max": 1.0,
            "count": 60
        },
        "BossAgent.IsTraining.sum": {
            "value": 1.0,
            "min": 1.0,
            "max": 1.0,
            "count": 60
        },
        "BossAgent.Losses.PolicyLoss.mean": {
            "value": 0.01850089298871656,
            "min": 0.018293991715957723,
            "max": 0.03785783546045422,
            "count": 29
        },
        "BossAgent.Losses.PolicyLoss.sum": {
            "value": 0.01850089298871656,
            "min": 0.018293991715957723,
            "max": 0.03785783546045422,
            "count": 29
        },
        "BossAgent.Losses.ValueLoss.mean": {
            "value": 0.10725748712817827,
            "min": 0.06051419799526533,
            "max": 1.2957772354284922,
            "count": 29
        },
        "BossAgent.Losses.ValueLoss.sum": {
            "value": 0.10725748712817827,
            "min": 0.06051419799526533,
            "max": 1.2957772354284922,
            "count": 29
        },
        "BossAgent.Policy.LearningRate.mean": {
            "value": 2.0750993083333374e-06,
            "min": 2.0750993083333374e-06,
            "max": 0.0002897000034333333,
            "count": 29
        },
        "BossAgent.Policy.LearningRate.sum": {
            "value": 2.0750993083333374e-06,
            "min": 2.0750993083333374e-06,
            "max": 0.0002897000034333333,
            "count": 29
        },
        "BossAgent.Policy.Epsilon.mean": {
            "value": 0.10069166666666667,
            "min": 0.10069166666666667,
            "max": 0.19656666666666664,
            "count": 29
        },
        "BossAgent.Policy.Epsilon.sum": {
            "value": 0.10069166666666667,
            "min": 0.10069166666666667,
            "max": 0.19656666666666664,
            "count": 29
        },
        "BossAgent.Policy.Beta.mean": {
            "value": 4.451416666666677e-05,
            "min": 4.451416666666677e-05,
            "max": 0.004828676666666668,
            "count": 29
        },
        "BossAgent.Policy.Beta.sum": {
            "value": 4.451416666666677e-05,
            "min": 4.451416666666677e-05,
            "max": 0.004828676666666668,
            "count": 29
        }
    },
    "metadata": {
        "timer_format_version": "0.1.0",
        "start_time_seconds": "1775013302",
        "python_version": "3.10.8 (tags/v3.10.8:aaaf517, Oct 11 2022, 16:50:30) [MSC v.1933 64 bit (AMD64)]",
        "command_line_arguments": "D:\\Projects\\Nemesis\\nemesis-env\\Scripts\\mlagents-learn config/boss_ppo.yaml --run-id=boss_final1 --time-scale=20 --torch-device=cuda --max-lifetime-restarts=-1 --restarts-rate-limit-n=-1",
        "mlagents_version": "0.30.0",
        "mlagents_envs_version": "0.30.0",
        "communication_protocol_version": "1.5.0",
        "pytorch_version": "2.0.1+cu117",
        "numpy_version": "1.23.5",
        "end_time_seconds": "1775015594"
    },
    "total": 2292.3386995,
    "count": 1,
    "self": 0.006594299999505893,
    "children": {
        "run_training.setup": {
            "total": 0.07637250000016138,
            "count": 1,
            "self": 0.07637250000016138
        },
        "TrainerController.start_learning": {
            "total": 2292.2557327000004,
            "count": 1,
            "self": 3.824618300018301,
            "children": {
                "TrainerController._reset_env": {
                    "total": 8.604259100000036,
                    "count": 1,
                    "self": 8.604259100000036
                },
                "TrainerController.advance": {
                    "total": 2279.705511299983,
                    "count": 303457,
                    "self": 3.4063032002891305,
                    "children": {
                        "env_step": {
                            "total": 2208.6630067999245,
                            "count": 303457,
                            "self": 1211.4627355000684,
                            "children": {
                                "SubprocessEnvManager._take_step": {
                                    "total": 994.656568800016,
                                    "count": 303457,
                                    "self": 10.09727719983266,
                                    "children": {
                                        "TorchPolicy.evaluate": {
                                            "total": 984.5592916001833,
                                            "count": 300035,
                                            "self": 984.5592916001833
                                        }
                                    }
                                },
                                "workers": {
                                    "total": 2.5437024998400375,
                                    "count": 303457,
                                    "self": 0.0,
                                    "children": {
                                        "worker_root": {
                                            "total": 2277.1636572997663,
                                            "count": 303457,
                                            "is_parallel": true,
                                            "self": 1261.7425669999275,
                                            "children": {
                                                "steps_from_proto": {
                                                    "total": 0.0003145000000586151,