{
    "name": "root",
    "metadata": {
        "timer_format_version": "0.1.0",
        "start_time_seconds": "1774921793",
        "python_version": "3.10.8 (tags/v3.10.8:aaaf517, Oct 11 2022, 16:50:30) [MSC v.1933 64 bit (AMD64)]",
        "command_line_arguments": "D:\\Projects\\Nemesis\\nemesis-env\\Scripts\\mlagents-learn config/boss_ppo.yaml --env=D:\\Unity Projects\\Nemesis-ai\\Build\\Nemesis-ai.exe --run-id=boss_run01 --num-envs=4 --time-scale=20 --torch-device=cuda",
        "mlagents_version": "0.30.0",
        "mlagents_envs_version": "0.30.0",
        "communication_protocol_version": "1.5.0",
        "pytorch_version": "2.0.1+cu117",
        "numpy_version": "1.23.5",
        "end_time_seconds": "1774921924"
    },
    "total": 130.8563647000119,
    "count": 1,
    "self": 3.9943077999632806,
    "children": {
        "run_training.setup": {
            "total": 0.24631340010091662,
            "count": 1,
            "self": 0.24631340010091662
        },
        "TrainerController.start_learning": {
            "total": 126.61574349994771,
            "count": 1,
            "self": 0.011034999741241336,
            "children": {
                "TrainerController._reset_env": {
                    "total": 5.8919112998992205,
                    "count": 1,
                    "self": 5.8919112998992205
                },
                "TrainerController.advance": {
                    "total": 120.6048807001207,
                    "count": 796,
                    "self": 0.009845007210969925,
                    "children": {
                        "env_step": {
                            "total": 120.51333749690093,
                            "count": 796,
                            "self": 118.26118219923228,
                            "children": {
                                "SubprocessEnvManager._take_step": {
                                    "total": 2.245655097067356,
                                    "count": 804,
                                    "self": 0.028399695176631212,
                                    "children": {
                                        "TorchPolicy.evaluate": {
                                            "total": 2.217255401890725,
                                            "count": 796,
                                            "self": 2.217255401890725
                                        }
                                    }
                                },
                                "workers": {
                                    "total": 0.006500200601294637,
                                    "count": 795,
                                    "self": 0.0,
                                    "children": {
                                        "worker_root": {
                                            "total": 8.709734502946958,
                                            "count": 800,
                                            "is_parallel": true,
                                            "self": 6.902620203560218,
                                            "children": {
                                                "steps_from_proto": {
                                                    "total": 0.001449099974706769,
                                                    "count": 4,
                                                    "is_parallel": true,
                                                    "self": 0.0006198997143656015,
                                                    "children": {
                                                        "_process_rank_one_or_two_observation": {
                                                            "total": 0.0008292002603411674,
                                                            "count": 8,
                                                            "is_parallel": true,
                                                            "self": 0.0008292002603411674
                                                        }
                                                    }
                                                },
                                                "UnityEnvironment.step": {
                                                    "total": 1.805665199412033,
                                                    "count": 800,
                                                    "is_parallel": true,
                                                    "self": 0.047708793077617884,
                                                    "children": {
                                                        "UnityEnvironment._generate_step_input": {
                                                            "total": 0.04326170589774847,
                                                            "count": 800,
                                                            "is_parallel": true,
                                                            "self": 0.04326170589774847
                                                        },
                                                        "communicator.exchange": {
                                                            "total": 1.5665374968666583,
                                                            "count": 800,
                                                            "is_parallel": true,
                                                            "self": 1.5665374968666583
                                                        },
                                                        "steps_from_proto": {
                                                            "total": 0.14815720357000828,
                                                            "count": 800,
                                                            "is_parallel": true,
                                                            "self": 0.09931780910119414,
                                                            "children": {
                                                                "_process_rank_one_or_two_observation": {
                                                                    "total": 0.048839394468814135,
                                                                    "count": 1600,
                                                                    "is_parallel": true,
                                                                    "self": 0.048839394468814135
                                                                }
                                                            }
                                                        }
                                                    }
                                                }
                                            }
                                        }
                                    }
                                }
                            }
                        },
                        "trainer_advance": {
                            "total": 0.08169819600880146,
                            "count": 795,
                            "self": 0.012866099830716848,
                            "children": {
                                "process_trajectory": {
                                    "total": 0.06883209617808461,
                                    "count": 795,
                                    "self": 0.06883209617808461
                                }
                            }
                        }
                    }
                },
                "TrainerController._save_models": {
                    "total": 0.10791650018654764,
                    "count": 1,
                    "self": 2.590031363070011e-05,
                    "children": {
                        "RLTrainer._checkpoint": {
                            "total": 0.10789059987291694,